l,x,y,z3,z4,z5,agz34,agz45,agz35
1600.0,113287.15,472311.59,-1.090999960899353,-1.1841000318527222,-1.2338333129882812,0.018620014190673828,0.016577760378519695,0.017854169011116028
1605.0,113283.79371889117,472307.88070345274,-1.11899995803833,-1.1632000207901,-1.2295000553131104,0.008840012550354003,0.022100011507670086,0.013812512159347534
1610.0,113280.42572229129,472304.1826573481,-0.9599999785423279,-1.0822999477386475,-1.128999948501587,0.024459993839263915,0.015566666920979818,0.02112499624490738
1615.0,113276.95465770861,472300.5835879253,-0.9909999966621399,-1.0674999952316284,-1.1127142906188965,0.015299999713897705,0.015071431795756022,0.015214286744594574
1620.0,113273.48359312596,472296.98451850243,-1.1339999437332153,-1.0449999570846558,-1.1039999723434448,-0.017799997329711915,0.019666671752929688,-0.0037499964237213135
1625.0,113270.01252854329,472293.3854490796,-1.1260000467300415,-1.0886000394821167,-1.1710000038146973,-0.007480001449584961,0.027466654777526855,0.00562499463558197
1630.0,113266.54146396062,472289.78637965675,-1.1019999980926514,-1.2038999795913696,-1.2453333139419556,0.02037999629974365,0.013811111450195312,0.017916664481163025
1635.0,113263.05621876405,472286.20222063764,-1.1369999647140503,-1.2007999420166016,-1.256166696548462,0.012759995460510255,0.01845558484395345,0.014895841479301453
1640.0,113259.55096287449,472282.63910214,-1.0609999895095825,-1.0786999464035034,-1.2000000476837158,0.0035399913787841795,0.040433367093404136,0.017375007271766663
1645.0,113256.04570698494,472279.07598364237,-1.0390000343322754,-1.0794999599456787,-1.1976666450500488,0.008099985122680665,0.03938889503479004,0.01983332633972168
1650.0,113252.53846394514,472275.51411803125,-1.125,-1.1535999774932861,-1.2624000310897827,0.005719995498657227,0.03626668453216553,0.01717500388622284
1655.0,113249.0180508656,472271.9605560526,-1.2430000305175781,-1.2472000122070312,-1.31850004196167,0.000839996337890625,0.02376667658487956,0.009437501430511475
1660.0,113245.49763778606,472268.40699407406,-1.100000023841858,-1.2074999809265137,-1.249833345413208,0.021499991416931152,0.01411112149556478,0.018729165196418762
1665.0,113241.97351028987,472264.85744914366,-1.1139999628067017,-1.180999994277954,-1.2336666584014893,0.013400006294250488,0.01755555470784505,0.01495833694934845
1670.0,113238.42063176079,472261.3389977321,-1.1619999408721924,-1.1634000539779663,-1.2133749723434448,0.00028002262115478516,0.016658306121826172,0.006421878933906555
1675.0,113234.86775323171,472257.8205463205,-1.1380000114440918,-1.1849000453948975,-1.2358332872390747,0.009380006790161132,0.016977747281392414,0.012229159474372864
1680.0,113231.35046115854,472254.2685227534,-1.1790000200271606,-1.195199966430664,-1.239799976348877,0.0032399892807006836,0.01486666997273763,0.007599994540214539
1685.0,113227.9672646354,472250.589993847,-1.2510000467300415,-1.2583999633789062,-1.2860000133514404,0.0014799833297729492,0.009200016657511393,0.004374995827674866
1690.0,113224.58406811226,472246.9114649407,-1.2280000448226929,-1.2618000507354736,-1.2826000452041626,0.006760001182556152,0.006933331489562988,0.006825000047683716
1695.0,113221.17361887766,472243.2585834007,-1.2640000581741333,-1.2755000591278076,-1.281749963760376,0.002300000190734863,0.002083301544189453,0.0022187381982803345
1700.0,113217.62251758605,472239.7380686835,-1.2400000095367432,-1.2230000495910645,-1.2649999856948853,-0.0033999919891357423,0.0139999787012736,0.0031249970197677612
1705.0,113214.07141629444,472236.21755396633,-1.1610000133514404,-1.204699993133545,-1.2343332767486572,0.008739995956420898,0.009877761205037435,0.0091666579246521
1710.0,113210.52031500282,472232.6970392491,-1.1670000553131104,-1.1791000366210938,-1.2148000001907349,0.00241999626159668,0.011899987856547037,0.005974993109703064
1715.0,113207.00964999839,472229.13572493376,-1.1629999876022339,-1.1920000314712524,-1.222857117652893,0.005800008773803711,0.010285695393880209,0.0074821412563323975
1720.0,113203.50383506117,472225.5695169744,-1.1269999742507935,-1.169700026512146,-1.2280000448226929,0.008540010452270508,0.019433339436848957,0.012625008821487427
1725.0,113199.99802012397,472222.003309015,-1.1100000143051147,-1.136299967765808,-1.1863750219345093,0.005259990692138672,0.01669168472290039,0.009546875953674316
1730.0,113196.51134684931,472218.4193164068,-1.2029999494552612,-1.2280000448226929,-1.2467142343521118,0.005000019073486328,0.0062380631764729815,0.005464285612106323
1735.0,113193.03846316016,472214.82251180103,-1.1449999809265137,-1.1948000192642212,-1.2549999952316284,0.009960007667541505,0.02006665865580241,0.013750001788139343
1740.0,113189.56557947102,472211.22570719523,-1.059999942779541,-1.152400016784668,-1.2044999599456787,0.01848001480102539,0.017366647720336914,0.018062502145767212
1745.0,113186.07601606176,472207.6451746375,-1.069000005722046,-1.1571999788284302,-1.218999981880188,0.017639994621276855,0.020600001017252605,0.01874999701976776
1750.0,113182.55593402762,472204.0944147935,-1.062999963760376,-1.1720999479293823,-1.1973999738693237,0.02181999683380127,0.008433341979980469,0.01680000126361847
1755.0,113179.0358519935,472200.5436549494,-1.0119999647140503,-1.139799952507019,-1.1685999631881714,0.02555999755859375,0.009600003560384115,0.019574999809265137
1760.0,113175.51576995935,472196.9928951054,-1.1390000581741333,-1.2294000387191772,-1.2688000202178955,0.01807999610900879,0.01313332716623942,0.016224995255470276
1765.0,113171.99568792521,472193.4421352613,-1.1699999570846558,-1.246500015258789,-1.2672499418258667,0.01530001163482666,0.006916642189025879,0.012156248092651367
1770.0,113168.47560589107,472189.8913754173,-1.1829999685287476,-1.2718000411987305,-1.2934999465942383,0.01776001453399658,0.0072333017985026045,0.01381249725818634
1775.0,113164.95552385694,472186.3406155732,-1.1790000200271606,-1.205399990081787,-1.2898000478744507,0.005279994010925293,0.028133352597554524,0.013850003480911255
1780.0,113161.4354418228,472182.7898557292,-1.1510000228881836,-1.2391999959945679,-1.263800024986267,0.017639994621276855,0.00820000966389974,0.014100000262260437
1785.0,113157.91535978866,472179.23909588513,-1.2380000352859497,-1.268399953842163,-1.2902499437332153,0.006079983711242676,0.007283329963684082,0.006531238555908203
1790.0,113154.39527775453,472175.6883360411,-1.215999960899353,-1.2625999450683594,-1.2640000581741333,0.00931999683380127,0.0004667043685913086,0.006000012159347534
1795.0,113150.8751957204,472172.13757619704,-1.2079999446868896,-1.2294000387191772,-1.250499963760376,0.00428001880645752,0.007033308347066243,0.005312502384185791
1800.0,113147.35511368625,472168.586816353,-1.2059999704360962,-1.2684999704360962,-1.2868000268936157,0.0125,0.006100018819173177,0.010100007057189941
1805.0,113143.83503165211,472165.03605650895,-1.2450000047683716,-1.3069000244140625,-1.309999942779541,0.012380003929138184,0.0010333061218261719,0.00812499225139618
1810.0,113140.36351129982,472161.43754829676,-1.1699999570846558,-1.205399990081787,-1.247333288192749,0.00708000659942627,0.013977766036987305,0.009666666388511658
1815.0,113136.91923293959,472157.8122543429,-1.194000005722046,-1.2455999851226807,-1.2681666612625122,0.010319995880126952,0.007522225379943848,0.009270831942558289
1820.0,113133.47495457936,472154.18696038896,-1.184000015258789,-1.271299958229065,-1.2762000560760498,0.017459988594055176,0.0016333659489949544,0.011525005102157593
1825.0,113130.03067621912,472150.5616664351,-1.1510000228881836,-1.2457000017166138,-1.2683333158493042,0.018939995765686037,0.0075444380442301435,0.014666661620140076
1830.0,113126.58639785889,472146.93637248117,-1.1660000085830688,-1.2049000263214111,-1.2717499732971191,0.007780003547668457,0.022283315658569336,0.013218745589256287
1835.0,113123.14211949865,472143.31107852724,-1.1790000200271606,-1.2451000213623047,-1.2533999681472778,0.013220000267028808,0.0027666489283243814,0.009299993515014648
1840.0,113119.69784113842,472139.6857845734,-1.1119999885559082,-1.1725000143051147,-1.216166615486145,0.012100005149841308,0.014555533727010092,0.013020828366279602
1845.0,113116.25356277819,472136.06049061945,-1.0529999732971191,-1.1619000434875488,-1.1864999532699585,0.021780014038085938,0.008199969927469889,0.01668749749660492
1850.0,113112.80928441795,472132.4351966656,-1.059000015258789,-1.1464999914169312,-1.1701666116714478,0.01749999523162842,0.007888873418172201,0.013895824551582336
1855.0,113109.36500605772,472128.80990271166,-1.0520000457763672,-1.1302000284194946,-1.1318333148956299,0.015639996528625487,0.000544428825378418,0.009979158639907837
1860.0,113105.92072769749,472125.1846087577,-0.9950000047683716,-1.0681999921798706,-1.1196666955947876,0.014639997482299804,0.017155567804972332,0.015583336353302002
1865.0,113102.47644933725,472121.55931480386,-0.9459999799728394,-1.056399941444397,-1.1050000190734863,0.022079992294311523,0.016200025876363117,0.01987500488758087
1870.0,113098.97778922875,472117.98778922873,-1.1119999885559082,-1.110200047492981,-1.1687142848968506,-0.00035998821258544924,0.019504745801289875,0.007089287042617798
1875.0,113095.44248976005,472114.45248976,-1.1790000200271606,-1.184399962425232,-1.2572499513626099,0.0010799884796142579,0.024283329645792644,0.009781241416931152
1880.0,113091.90719029134,472110.91719029134,-1.2730000019073486,-1.2785999774932861,-1.275333285331726,0.0011199951171875,-0.0010888973871866863,0.0002916604280471802
1885.0,113088.37189082263,472107.3818908226,-1.2359999418258667,-1.2935999631881714,-1.316499948501587,0.011520004272460938,0.007633328437805176,0.010062500834465027
1890.0,113084.83659135393,472103.8465913539,-1.246000051498413,-1.2445000410079956,-1.281833291053772,-0.0003000020980834961,0.012444416681925455,0.004479154944419861
1895.0,113081.30129188522,472100.3112918852,-1.1629999876022339,-1.1713000535964966,-1.1864999532699585,0.0016600131988525391,0.005066633224487305,0.002937495708465576
1900.0,113077.77494056981,472096.7668243379,-1.1009999513626099,-1.1003999710083008,-1.1677500009536743,-0.00011999607086181641,0.02245000998179118,0.008343756198883057
1905.0,113074.28457584667,472093.1854857297,-1.0859999656677246,-1.1243000030517578,-1.145799994468689,0.007660007476806641,0.007166663805643718,0.007475003600120544
1910.0,113070.79421112353,472089.6041471215,-1.1510000228881836,-1.1318999528884888,-1.2170000076293945,-0.0038200139999389647,0.028366684913635254,0.008249998092651367
1915.0,113067.30384640038,472086.0228085133,-1.0759999752044678,-1.0705000162124634,-1.19350004196167,-0.0010999917984008789,0.04100000858306885,0.014687508344650269
1920.0,113063.7920117393,472082.4680204489,-1.1519999504089355,-1.2022000551223755,-1.2599999904632568,0.010040020942687989,0.019266645113627117,0.013500005006790161
1925.0,113060.27783087835,472078.91613378475,-1.2020000219345093,-1.1957000494003296,-1.2209999561309814,-0.0012599945068359375,0.008433302243550619,0.002374991774559021
1930.0,113056.7844404394,472075.3421925273,-1.1619999408721924,-1.1715999841690063,-1.2275714874267578,0.001920008659362793,0.01865716775258382,0.008196443319320679
1935.0,113053.35362958424,472071.70186650543,-1.0989999771118164,-1.103600025177002,-1.1885000467300415,0.0009200096130371094,0.028300007184346516,0.011187508702278137
1940.0,113049.82442731649,472068.1634490448,-1.1549999713897705,-1.1507999897003174,-1.2235714197158813,-0.000839996337890625,0.02425714333852132,0.008571431040763855
1945.0,113046.10440489258,472064.82267289323,-1.3270000219345093,-1.289199948310852,-1.361199975013733,-0.007560014724731445,0.024000008900960285,0.004274994134902954
1950.0,113042.38438246868,472061.48189674166,-1.2120000123977661,-1.2697999477386475,-1.2857999801635742,0.01155998706817627,0.005333344141642253,0.009224995970726013
1955.0,113039.08659131538,472057.72344716097,-1.187000036239624,-1.246399998664856,-1.2615714073181152,0.011879992485046387,0.005057136217753093,0.009321421384811401
1960.0,113037.19082632783,472053.1986939387,-1.1230000257492065,-1.1597000360488892,-1.1538000106811523,0.007340002059936524,-0.001966675122578939,0.003849998116493225
1965.0,113036.68921368776,472048.2380016878,-1.1009999513626099,-1.1971999406814575,-1.1957499980926514,0.01923999786376953,-0.00048331419626871747,0.011843755841255188
1970.0,113036.32824719256,472043.2530086973,-1.1019999980926514,-1.1866999864578247,-1.2079999446868896,0.016939997673034668,0.0070999860763549805,0.013249993324279785
1975.0,113035.70733128028,472038.2968012419,-1.1119999885559082,-1.1930999755859375,-1.1966667175292969,0.01621999740600586,0.0011889139811197917,0.010583341121673584
1980.0,113035.3377738509,472033.3272756761,-1.1059999465942383,-1.1974999904632568,-1.2089999914169312,0.01830000877380371,0.003833333651224772,0.012875005602836609
1985.0,113035.39705713224,472028.32673089526,-1.0640000104904175,-1.1672999858856201,-1.1984000205993652,0.020659995079040528,0.010366678237915039,0.01680000126361847
1990.0,113035.45634041358,472023.32618611434,-1.0800000429153442,-1.1685999631881714,-1.1835999488830566,0.01771998405456543,0.004999995231628418,0.01294998824596405
1995.0,113035.48473612987,472018.3263431835,-1.1200000047683716,-1.198699951171875,-1.2281666994094849,0.015739989280700684,0.009822249412536621,0.01352083683013916
2000.0,113035.21841209542,472013.33319709223,-1.1799999475479126,-1.201799988746643,-1.2615714073181152,0.004360008239746094,0.019923806190490723,0.01019643247127533
2005.0,113034.95208806095,472008.3400510009,-1.1920000314712524,-1.2910000085830688,-1.3277143239974976,0.01979999542236328,0.012238105138142904,0.01696428656578064
2010.0,113034.6857640265,472003.3469049096,-1.1690000295639038,-1.2272000312805176,-1.274142861366272,0.011640000343322753,0.015647610028584797,0.01314285397529602
2015.0,113034.41943999202,471998.3537588183,-1.1670000553131104,-1.2437000274658203,-1.281499981880188,0.015339994430541992,0.012599984804789225,0.014312490820884705
2020.0,113034.15311595757,471993.36061272694,-1.1640000343322754,-1.238800048828125,-1.2799999713897705,0.014960002899169923,0.013733307520548502,0.01449999213218689
2025.0,113033.8867919231,471988.36746663565,-1.2000000476837158,-1.2724000215530396,-1.2951428890228271,0.014479994773864746,0.007580955823262532,0.011892855167388916
2030.0,113033.62046788864,471983.37432054436,-1.2690000534057617,-1.2865999937057495,-1.3331999778747559,0.0035199880599975585,0.01553332805633545,0.008024990558624268
2035.0,113033.35414385417,471978.381174453,-1.2799999713897705,-1.2861000299453735,-1.3574999570846558,0.0012200117111206056,0.023799975713094074,0.009687498211860657
2040.0,113033.0878198197,471973.3880283617,-1.2350000143051147,-1.2711999416351318,-1.3277499675750732,0.007239985466003418,0.018850008646647137,0.011593744158744812
2045.0,113032.82149578525,471968.3948822704,-1.2269999980926514,-1.3148000240325928,-1.3506250381469727,0.01756000518798828,0.011941671371459961,0.015453130006790161
2050.0,113032.55517175078,471963.4017361791,-1.218999981880188,-1.2973999977111816,-1.347599983215332,0.01568000316619873,0.016733328501383465,0.016075000166893005
2055.0,113032.34425564286,471958.4062867376,-1.246000051498413,-1.323799967765808,-1.356857180595398,0.015559983253479005,0.011019070943196615,0.013857141137123108
2060.0,113032.19973255253,471953.40807728714,-1.2710000276565552,-1.315000057220459,-1.3658000230789185,0.008800005912780762,0.016933321952819824,0.01184999942779541
2065.0,113032.05520946221,471948.4098678367,-1.2519999742507935,-1.2767000198364258,-1.3287999629974365,0.004940009117126465,0.017366647720336914,0.009599998593330383
2070.0,113031.91068637189,471943.4116583863,-1.1610000133514404,-1.2532999515533447,-1.2954000234603882,0.01845998764038086,0.014033357302347818,0.01680000126361847
2075.0,113031.76616328157,471938.41344893584,-1.2280000448226929,-1.2594000101089478,-1.299399971961975,0.006279993057250977,0.013333320617675781,0.008924990892410278
2080.0,113031.62164019124,471933.41523948545,-1.2890000343322754,-1.3142999410629272,-1.3266667127609253,0.005059981346130371,0.004122257232666016,0.004708334803581238
2085.0,113031.47711710092,471928.417030035,-1.2630000114440918,-1.3236000537872314,-1.3672000169754028,0.01212000846862793,0.014533321062723795,0.01302500069141388
2090.0,113031.3190043317,471923.41953372594,-1.2879999876022339,-1.341599941253662,-1.3624999523162842,0.010719990730285645,0.0069666703542073565,0.009312495589256287
2095.0,113031.14534403253,471918.4228532999,-1.2489999532699585,-1.309399962425232,-1.3539999723434448,0.012080001831054687,0.01486666997273763,0.013125002384185791
2100.0,113030.97168373337,471913.42617287376,-1.2450000047683716,-1.2872999906539917,-1.3148000240325928,0.008459997177124024,0.009166677792867025,0.008725002408027649
2105.0,113030.7980234342,471908.4294924477,-1.253000020980835,-1.3011000156402588,-1.3456000089645386,0.009619998931884765,0.014833331108093262,0.011574998497962952
2110.0,113030.62436313502,471903.4328120216,-1.2860000133514404,-1.347000002861023,-1.378499984741211,0.012199997901916504,0.010499993960062662,0.011562496423721313
2115.0,113030.45070283586,471898.4361315955,-1.2309999465942383,-1.291200041770935,-1.3309999704360962,0.012040019035339355,0.013266642888387045,0.012500002980232239
2120.0,113030.27704253669,471893.4394511694,-1.2000000476837158,-1.2308000326156616,-1.2630000114440918,0.0061599969863891605,0.010733326276143393,0.007874995470046997
2125.0,113030.10338223752,471888.44277074334,-1.222000002861023,-1.2752000093460083,-1.2940000295639038,0.01064000129699707,0.006266673405965169,0.009000003337860107
2130.0,113029.92972193836,471883.4460903172,-1.1699999570846558,-1.2474000453948975,-1.2892500162124634,0.01548001766204834,0.013949990272521973,0.014906257390975952
2135.0,113029.75606163919,471878.44940989115,-1.1920000314712524,-1.2838000059127808,-1.3083332777023315,0.018359994888305663,0.008177757263183594,0.014541655778884888
2140.0,113029.56121450981,471873.4537141267,-1.194000005722046,-1.2806999683380127,-1.3042000532150269,0.01733999252319336,0.007833361625671387,0.01377500593662262
2145.0,113029.32367579275,471868.4600024613,-1.1009999513626099,-1.1741000413894653,-1.233199954032898,0.014620018005371094,0.019699970881144207,0.01652500033378601
2150.0,113029.08613707569,471863.4662907958,-1.093999981880188,-1.138700008392334,-1.1725000143051147,0.008940005302429199,0.011266668637593588,0.009812504053115845
2155.0,113028.84859835864,471858.47257913044,-0.9559999704360962,-1.0042999982833862,-1.0509999990463257,0.009660005569458008,0.015566666920979818,0.011875003576278687
2160.0,113028.61105964158,471853.478867465,-0.9940000176429749,-1.0194000005722046,-1.0579999685287476,0.005079996585845947,0.012866655985514322,0.007999993860721588
2165.0,113028.37352092452,471848.4851557996,-0.9700000286102295,-1.0367000102996826,-1.0496000051498413,0.013339996337890625,0.0042999982833862305,0.009949997067451477
2170.0,113028.13598220746,471843.49144413415,-0.996999979019165,-1.0202000141143799,-1.0536667108535767,0.004640007019042968,0.01115556557973226,0.007083341479301453
2175.0,113027.89844349041,471838.49773246876,-1.0460000038146973,-1.0769000053405762,-1.1234999895095825,0.006180000305175781,0.01553332805633545,0.009687498211860657
2180.0,113027.66090477335,471833.5040208033,-1.1059999465942383,-1.1526999473571777,-1.186400055885315,0.009340000152587891,0.011233369509379068,0.010050013661384583
2185.0,113027.42336605629,471828.51030913787,-1.0859999656677246,-1.1141999959945679,-1.1720000505447388,0.005640006065368653,0.019266684850056965,0.01075001060962677
2190.0,113027.18582733923,471823.5165974725,-1.0789999961853027,-1.1323000192642212,-1.162500023841858,0.010660004615783692,0.010066668192545572,0.010437503457069397
2195.0,113026.96551983689,471818.5219198012,-1.1119999885559082,-1.1612999439239502,-1.2063332796096802,0.009859991073608399,0.015011111895243326,0.011791661381721497
2200.0,113026.80713353868,471813.5237707412,-1.093000054359436,-1.1533000469207764,-1.208400011062622,0.012059998512268067,0.018366654713948567,0.014424994587898254
2205.0,113026.64874724047,471808.5256216811,-1.1059999465942383,-1.138700008392334,-1.1679999828338623,0.0065400123596191405,0.009766658147176107,0.007750004529953003
2210.0,113026.49036094226,471803.5274726211,-1.0779999494552612,-1.1195000410079956,-1.1514999866485596,0.008300018310546876,0.010666648546854654,0.009187504649162292
2215.0,113026.33197464404,471798.52932356106,-1.0859999656677246,-1.138100028038025,-1.1734000444412231,0.010420012474060058,0.011766672134399414,0.010925009846687317
2220.0,113026.17358834583,471793.53117450105,-1.0779999494552612,-1.111299991607666,-1.1495000123977661,0.006660008430480957,0.0127333402633667,0.00893750786781311
2225.0,113026.01520204762,471788.533025441,-1.0889999866485596,-1.1366000175476074,-1.1827499866485596,0.009520006179809571,0.015383323033650717,0.01171875
2230.0,113025.85681574942,471783.534876381,-1.0889999866485596,-1.1441999673843384,-1.1732499599456787,0.011039996147155761,0.009683330853780111,0.010531246662139893
2235.0,113025.69842945121,471778.5367273209,-1.0950000286102295,-1.1376999616622925,-1.1748571395874023,0.008539986610412598,0.012385725975036621,0.009982138872146606
2240.0,113025.54004315299,471773.5385782609,-1.0980000495910645,-1.1390999555587769,-1.1784000396728516,0.00821998119354248,0.013100028038024902,0.010049998760223389
2245.0,113025.38165685478,471768.54042920086,-1.1180000305175781,-1.1506999731063843,-1.2045999765396118,0.006539988517761231,0.017966667811075848,0.010824993252754211
2250.0,113025.22327055657,471763.54228014086,-1.0640000104904175,-1.1516000032424927,-1.184142827987671,0.01751999855041504,0.01084760824839274,0.015017852187156677
2255.0,113025.06488425836,471758.5441310808,-1.1069999933242798,-1.131700038909912,-1.1706666946411133,0.004940009117126465,0.012988885243733725,0.007958337664604187
2260.0,113024.81830690325,471753.55064504006,-1.0709999799728394,-1.0815000534057617,-1.1335999965667725,0.0021000146865844727,0.017366647720336914,0.007825002074241638
2265.0,113024.56892341014,471748.5573073713,-0.9990000128746033,-1.07260000705719,-1.1181666851043701,0.014719998836517334,0.015188892682393393,0.014895834028720856
2270.0,113024.31953991704,471743.56396970246,-1.0110000371932983,-1.0663000345230103,-1.1103333234786987,0.011059999465942383,0.014677762985229492,0.012416660785675049
2275.0,113024.07015642393,471738.57063203363,-1.0779999494552612,-1.0978000164031982,-1.159000039100647,0.003960013389587402,0.020400007565816242,0.010125011205673218
2280.0,113023.82077293082,471733.5772943648,-1.093000054359436,-1.1622999906539917,-1.1931999921798706,0.013859987258911133,0.010300000508626303,0.012524992227554321
2285.0,113023.57138943771,471728.583956696,-1.0269999504089355,-1.0164999961853027,-1.1089999675750732,-0.0020999908447265625,0.030833323796590168,0.010250002145767212
2290.0,113023.3220059446,471723.59061902715,-0.9710000157356262,-0.9438999891281128,-1.0701667070388794,-0.005420005321502686,0.04208890597025553,0.012395836412906647
2295.0,113022.73186411524,471718.62908891693,-0.9869999885559082,-0.9743000268936157,-1.1155999898910522,-0.002539992332458496,0.04709998766581217,0.016075000166893005
2300.0,113022.7097583952,471713.68155875325,-0.1889999955892563,-0.376800000667572,-1.0130000114440918,0.03756000101566315,0.21206667025883993,0.10300000198185444
2305.0,113022.80934862432,471708.6980494819,-0.05400000140070915,-0.06449999660253525,nan,0.002099999040365219,nan,nan
2310.0,113022.69322979519,471703.6998911842,0.14800000190734863,0.1281999945640564,nan,0.0039600014686584474,nan,nan
2315.0,113022.57711096606,471698.70173288655,0.23800000548362732,0.24789999425411224,nan,-0.0019799977540969848,nan,nan
2320.0,113022.46099213691,471693.7035745889,0.40700000524520874,0.3935000002384186,nan,0.0027000010013580322,nan,nan
2325.0,113022.6121638993,471688.70860968716,-1.218999981880188,-1.1926000118255615,-1.2593333721160889,-0.005279994010925293,0.02224445343017578,0.00504167377948761
2330.0,113022.83488479302,471683.7132982139,-1.0119999647140503,-1.0607999563217163,-1.1332000494003296,0.009759998321533203,0.02413336435953776,0.015150010585784912
2335.0,113023.05760568673,471678.71798674064,-1.128999948501587,-0.9629999995231628,-1.1369999647140503,-0.033199989795684816,0.057999988396962486,0.0010000020265579224
2340.0,113022.67611155049,471673.73563417845,-1.0759999752044678,-1.0841000080108643,-1.1542500257492065,0.001620006561279297,0.023383339246114094,0.009781256318092346
2345.0,113022.25901168931,471668.7540452705,-1.034999966621399,-1.108199954032898,-1.1664999723434448,0.014639997482299804,0.019433339436848957,0.016437500715255737
2350.0,113021.84191182815,471663.7724563626,-0.9620000123977661,-1.0641000270843506,-1.125599980354309,0.020420002937316894,0.0204999844233195,0.02044999599456787
2355.0,113021.4661128894,471658.7883970891,-0.9520000219345093,-1.0399999618530273,-1.0794999599456787,0.017599987983703613,0.013166666030883789,0.01593749225139618
2360.0,113021.36115694896,471653.7881376631,-0.9559999704360962,-0.9398000240325928,-1.0772500038146973,-0.0032399892807006836,0.045816659927368164,0.015156254172325134
2365.0,113021.25620100854,471648.78787823714,-0.972000002861023,-0.965399980545044,-1.1048333644866943,-0.0013200044631958008,0.0464777946472168,0.016604170203208923
2370.0,113021.15124506812,471643.7876188111,-0.9660000205039978,-1.0479999780654907,-1.1258000135421753,0.016399991512298585,0.025933345158894856,0.019974999129772186
2375.0,113021.04628912768,471638.78735938517,-1.0260000228881836,-1.051900029182434,-1.1156666278839111,0.005180001258850098,0.02125553290049235,0.011208325624465942
2380.0,113020.93662761769,471633.78740628756,-0.9980000257492065,-1.0052000284194946,-1.0795999765396118,0.0014400005340576172,0.02479998270670573,0.01019999384880066
2385.0,113020.7746867747,471628.79085652775,-0.9760000109672546,-1.0419000387191772,-1.108199954032898,0.01318000555038452,0.022099971771240234,0.016524992883205414
2390.0,113020.6127459317,471623.79430676793,-1.0490000247955322,-1.0609999895095825,-1.1334999799728394,0.0023999929428100584,0.024166663487752277,0.010562494397163391
2395.0,113020.45080508872,471618.79775700805,-0.9610000252723694,-1.0391000509262085,-1.1147500276565552,0.015620005130767823,0.02521665891011556,0.019218750298023224
2400.0,113020.28886424573,471613.80120724824,-0.9850000143051147,-1.0805000066757202,-1.1490000486373901,0.019099998474121093,0.02283334732055664,0.020500004291534424
2405.0,113020.12692340273,471608.8046574884,-0.9490000009536743,-1.1043000221252441,-1.1696666479110718,0.031060004234313966,0.021788875261942547,0.027583330869674683
2410.0,113019.96172889597,471603.80812104937,-0.9409999847412109,-0.9824000000953674,-1.093000054359436,0.008280003070831298,0.03686668475468954,0.019000008702278137
2415.0,113019.77872670339,471598.8116575164,-0.9589999914169312,-0.9894999861717224,-1.1218750476837158,0.006099998950958252,0.0441250205039978,0.020359382033348083
2420.0,113019.59572451081,471593.8151939834,-0.949999988079071,-1.0817999839782715,-1.1063333749771118,0.02635999917984009,0.008177796999613443,0.019541673362255096
2425.0,113019.41272231824,471588.8187304504,-0.8939999938011169,-0.9958000183105469,-1.067199945449829,0.020360004901885987,0.023799975713094074,0.02164999395608902
2430.0,113019.22972012567,471583.82226691744,-0.9089999794960022,-1.0042999982833862,-1.0763332843780518,0.019060003757476806,0.024011095364888508,0.020916663110256195
2435.0,113019.0467179331,471578.8258033845,-0.9039999842643738,-1.0068000555038452,-1.122499942779541,0.020560014247894286,0.0385666290918986,0.027312494814395905
2440.0,113018.8658859595,471573.82900122023,-0.9049999713897705,-1.0305999517440796,-1.1023999452590942,0.025119996070861815,0.02393333117167155,0.024674996733665466
2445.0,113018.69382941764,471568.8308297767,-0.9860000014305115,-1.0980000495910645,-1.1690000295639038,0.022400009632110595,0.023666659990946453,0.022875003516674042
2450.0,113018.52177287577,471563.83265833324,-1.003999948501587,-1.1069999933242798,-1.1736667156219482,0.020600008964538574,0.022222240765889485,0.021208345890045166
2455.0,113018.3497163339,471558.83448688977,-0.9169999957084656,-1.0266000032424927,-1.0958333015441895,0.02192000150680542,0.023077766100565594,0.022354163229465485
2460.0,113018.17765979204,471553.83631544624,-0.9750000238418579,-1.0814000368118286,-1.1431666612625122,0.02128000259399414,0.02058887481689453,0.021020829677581787
2465.0,113018.00560325017,471548.8381440028,-1.0190000534057617,-1.1430000066757202,-1.2106000185012817,0.0247999906539917,0.022533337275187176,0.023949995636940002
2470.0,113017.8335467083,471543.8399725593,-0.9760000109672546,-1.125100016593933,-1.1771999597549438,0.029820001125335692,0.017366647720336914,0.02514999359846115
2475.0,113017.63188278537,471538.8438239097,-1.0369999408721924,-1.1426000595092773,-1.216428518295288,0.021120023727416993,0.024609486262003582,0.022428572177886963
2480.0,113017.28114601421,471533.85786000587,-0.9359999895095825,-1.1004999876022339,-1.1614999771118164,0.032899999618530275,0.020333329836527508,0.028187498450279236
2485.0,113016.93040924304,471528.871896102,-0.9580000042915344,-1.0923000574111938,-1.1549999713897705,0.026860010623931885,0.02089997132619222,0.02462499588727951
2490.0,113016.49266439198,471523.8943757944,-0.9679999947547913,-1.1418999433517456,-1.19760000705719,0.03477998971939087,0.018566687901814777,0.028700001537799835
2495.0,113015.80408008264,471518.9411979054,-1.090000033378601,-1.2203999757766724,-1.2683333158493042,0.026079988479614256,0.015977780024210613,0.02229166030883789
2500.0,113014.74771101394,471514.0665535217,-1.0850000381469727,-1.1890000104904175,-1.2632499933242798,0.020799994468688965,0.0247499942779541,0.02228124439716339
2505.0,113013.01704749877,471509.3860370837,-1.1039999723434448,-1.2384999990463257,-1.2929999828338623,0.026900005340576173,0.018166661262512207,0.023625001311302185
2510.0,113011.0373472212,471504.79465528607,-1.0779999494552612,-1.2300000190734863,-1.299399971961975,0.030400013923645018,0.023133317629496258,0.027675002813339233
2515.0,113009.05764694363,471500.2032734885,-1.0700000524520874,-1.2264000177383423,-1.2838000059127808,0.031279993057250974,0.019133329391479492,0.02672499418258667
2520.0,113006.93076835925,471495.6786505677,-0.9559999704360962,-1.1332999467849731,-1.2122000455856323,0.03545999526977539,0.02630003293355306,0.03202500939369202
2525.0,113004.79707192858,471491.1571201663,-0.9649999737739563,-1.13100004196167,-1.2311999797821045,0.03320001363754273,0.03339997927347819,0.033275000751018524
2530.0,113002.66337549793,471486.63558976486,-0.9649999737739563,-1.1796000003814697,-1.2450000047683716,0.04292000532150268,0.021800001462300617,0.03500000387430191
2535.0,113000.52967906727,471482.1140593634,-1.0190000534057617,-1.1908999681472778,-1.2680000066757202,0.034379982948303224,0.02570001284281413,0.031124994158744812
2540.0,112998.3959826366,471477.59252896195,-0.9980000257492065,-1.1556999683380127,-1.240399956703186,0.03153998851776123,0.02823332945505778,0.030299991369247437
2545.0,112996.18915051315,471473.1081009877,-1.0640000104904175,-1.253100037574768,-1.3229999542236328,0.03782000541687012,0.02329997221628825,0.032374992966651917
2550.0,112993.80283002234,471468.7147291562,-1.0219999551773071,-1.210800051689148,-1.2890000343322754,0.037760019302368164,0.02606666088104248,0.03337500989437103
2555.0,112991.41650953151,471464.3213573248,-1.0110000371932983,-1.192199945449829,-1.2768332958221436,0.03623998165130615,0.028211116790771484,0.03322915732860565
2560.0,112989.03018904068,471459.92798549327,-1.0149999856948853,-1.2032999992370605,-1.2829999923706055,0.03766000270843506,0.02656666437784831,0.03350000083446503
2565.0,112986.64386854987,471455.5346136618,-1.031000018119812,-1.1875,-1.2515000104904175,0.0312999963760376,0.02133333683013916,0.027562499046325684
2570.0,112984.33387072603,471451.1014124449,-1.0210000276565552,-1.194000005722046,-1.2652499675750732,0.03459999561309814,0.02374998728434245,0.03053124248981476
2575.0,112982.1329336993,471446.61129727704,-1.059000015258789,-1.2293000221252441,-1.2940000295639038,0.034060001373291016,0.02156666914621989,0.029375001788139343
2580.0,112979.93199667256,471442.1211821092,-1.0119999647140503,-1.2417000532150269,-1.3043999671936035,0.04594001770019531,0.02089997132619222,0.03655000030994415
2585.0,112977.73105964583,471437.6310669413,-1.055999994277954,-1.2487000226974487,-1.3167500495910645,0.038540005683898926,0.022683342297871906,0.032593756914138794
2590.0,112975.5301226191,471433.1409517734,-1.0230000019073486,-1.1950000524520874,-1.2766666412353516,0.034400010108947755,0.027222196261088055,0.031708329916000366
2595.0,112973.32918559236,471428.6508366055,-0.9890000224113464,-1.1464999914169312,-1.2239999771118164,0.03149999380111694,0.02583332856496175,0.029374994337558746
2600.0,112971.13594023719,471424.1578707114,-1.00600004196167,-1.1460000276565552,-1.2076666355133057,0.02799999713897705,0.020555535952250164,0.025208324193954468
2605.0,112968.94983032976,471419.66226024146,-0.9879999756813049,-1.1263999938964844,-1.2009999752044678,0.02768000364303589,0.024866660435994465,0.026624999940395355
2610.0,112966.76372042233,471415.16664977156,-0.9539999961853027,-1.1523000001907349,-1.2289999723434448,0.03966000080108643,0.025566657384236652,0.03437499701976776
2615.0,112964.5776105149,471410.67103930167,-1.027999997138977,-1.2430000305175781,-1.2921428680419922,0.043000006675720216,0.016380945841471355,0.03301785886287689
2620.0,112962.37776704553,471406.1816094897,-1.0440000295639038,-1.1991000175476074,-1.2584999799728394,0.031019997596740723,0.019799987475077312,0.026812493801116943
2625.0,112960.13019733639,471401.71365841466,-1.031999945640564,-1.2117999792099,-1.267199993133545,0.03596000671386719,0.018466671307881672,0.02940000593662262
2630.0,112957.88262762724,471397.2457073396,-1.0299999713897705,-1.1979999542236328,-1.2637499570846558,0.03359999656677246,0.021916667620340984,0.029218748211860657
2635.0,112955.63505791809,471392.7777562646,-1.0089999437332153,-1.1916999816894531,-1.247333288192749,0.03654000759124756,0.018544435501098633,0.02979166805744171
2640.0,112953.38748820894,471388.30980518955,-0.9810000061988831,-1.1312999725341797,-1.1771667003631592,0.030059993267059326,0.015288909276326498,0.024520836770534515
2645.0,112951.12943955413,471383.8493644321,-0.972000002861023,-1.124899983406067,-1.1696666479110718,0.03057999610900879,0.014922221501668295,0.024708330631256104
2650.0,112948.86892967673,471379.39068764634,-0.9710000157356262,-1.0987000465393066,-1.1438571214675903,0.025540006160736085,0.015052358309427897,0.021607138216495514
2655.0,112946.60841979933,471374.9320108606,-0.9670000076293945,-1.1294000148773193,-1.1982500553131104,0.03248000144958496,0.022950013478597004,0.028906255960464478
2660.0,112944.34790992193,471370.47333407484,-0.9610000252723694,-1.092900037765503,-1.1710000038146973,0.02638000249862671,0.026033322016398113,0.026249997317790985
2665.0,112942.10828686458,471366.0036463691,-0.9539999961853027,-1.0921000242233276,-1.1588000059127808,0.02762000560760498,0.022233327229817707,0.025600001215934753
2670.0,112939.89138946176,471361.52197836374,-0.9490000009536743,-1.0506000518798828,-1.118749976158142,0.0203200101852417,0.022716641426086426,0.02121874690055847
2675.0,112937.67449205894,471357.0403103584,-0.9610000252723694,-1.1053999662399292,-1.1551666259765625,0.028879988193511962,0.016588886578877766,0.02427082508802414
2680.0,112935.45759465612,471352.558642353,-0.9430000185966492,-1.0429999828338623,-1.1080000400543213,0.019999992847442628,0.021666685740152996,0.020625002682209015
2685.0,112933.2406972533,471348.07697434764,-0.9409999847412109,-1.0461000204086304,-1.1098333597183228,0.021020007133483887,0.02124444643656413,0.021104171872138977
2690.0,112931.02031451608,471343.5970665549,-1.0140000581741333,-1.1335999965667725,-1.1783332824707031,0.02391998767852783,0.01491109530131022,0.020541653037071228
2695.0,112928.7306617655,471339.15214247926,-0.9890000224113464,-1.1349999904632568,-1.1886667013168335,0.02919999361038208,0.017888903617858887,0.024958334863185883
2700.0,112926.44100901492,471334.70721840364,-1.0190000534057617,-1.0987000465393066,-1.1535999774932861,0.015939998626708984,0.018299976984659832,0.016824990510940552
2705.0,112924.15135626434,471330.262294328,-1.1109999418258667,-1.1572999954223633,-1.195199966430664,0.009260010719299317,0.012633323669433594,0.01052500307559967
2710.0,112921.88996889138,471325.8033206334,-1.0230000019073486,-1.1023999452590942,-1.1542500257492065,0.01587998867034912,0.01728336016337077,0.01640625298023224
2715.0,112919.75882325952,471321.27960883884,-1.0709999799728394,-1.1855000257492065,-1.2181999683380127,0.02290000915527344,0.010899980862935385,0.018399998545646667
2720.0,112917.62767762765,471316.75589704426,-1.1540000438690186,-1.121500015258789,-1.1755000352859497,-0.0065000057220458984,0.018000006675720215,0.002687498927116394
2725.0,112915.4965319958,471312.23218524974,-1.0989999771118164,-1.1653000116348267,-1.2300000190734863,0.01326000690460205,0.02156666914621989,0.01637500524520874
2730.0,112913.36538636393,471307.70847345516,-1.1449999809265137,-1.2187000513076782,-1.2618000507354736,0.01474001407623291,0.014366666475931803,0.014600008726119995
2735.0,112911.23424073207,471303.1847616606,-1.1890000104904175,-1.3046000003814697,-1.3001428842544556,0.02311999797821045,-0.0014857053756713867,0.01389285922050476
2740.0,112909.1030951002,471298.661049866,-1.215000033378601,-1.3170000314712524,-1.3259999752044678,0.020399999618530274,0.002999981244405111,0.013874992728233337
2745.0,112906.97194946835,471294.1373380714,-1.1269999742507935,-1.247499942779541,-1.285249948501587,0.02409999370574951,0.012583335240681967,0.019781246781349182
2750.0,112904.84080383649,471289.6136262769,-1.2589999437332153,-1.2563999891281128,-1.2983332872390747,-0.0005199909210205078,0.013977766036987305,0.004916667938232422
2755.0,112902.70965820462,471285.0899144823,-1.2410000562667847,-1.2595000267028809,-1.2899999618530273,0.003699994087219238,0.010166645050048828,0.0061249881982803345
2760.0,112900.57851257276,471280.56620268774,-1.2359999418258667,-1.2730000019073486,-1.2973999977111816,0.007400012016296387,0.008133331934611002,0.007675006985664368
2765.0,112898.41086085328,471276.06027977704,-1.1770000457763672,-1.2252999544143677,-1.2645000219345093,0.009659981727600098,0.013066689173380533,0.010937497019767761
2770.0,112896.2208933217,471271.56523103593,-1.2200000286102295,-1.274999976158142,-1.3146666288375854,0.01099998950958252,0.013222217559814453,0.011833325028419495
2775.0,112894.03092579012,471267.0701822949,-1.406000018119812,-1.3726999759674072,-1.3768333196640015,-0.006660008430480957,0.0013777812321980794,-0.0036458373069763184
2780.0,112891.82916803646,471262.5813734003,-1.2999999523162842,-1.2877000570297241,-1.3049999475479126,-0.0024599790573120116,0.005766630172729492,0.0006249994039535522
2785.0,112889.4391086332,471258.19222110114,-1.2350000143051147,-1.2338999509811401,-1.2702000141143799,-0.00022001266479492186,0.012100021044413248,0.004399999976158142
2790.0,112887.04904922996,471253.80306880194,-1.3730000257492065,-1.3345999717712402,-1.34660005569458,-0.0076800107955932615,0.004000027974446614,-0.003299996256828308
2795.0,112884.63305317718,471249.427254644,-1.2589999437332153,-1.2928999662399292,-1.3208333253860474,0.006780004501342774,0.00931111971537272,0.007729172706604004
2800.0,112882.16839765578,471245.076464029,-1.2100000381469727,-1.2297999858856201,-1.25342857837677,0.0039599895477294925,0.007876197497049967,0.00542856752872467
2805.0,112879.70374213438,471240.7256734141,-1.149999976158142,-1.207900047302246,-1.2264000177383423,0.0115800142288208,0.0061666568120320635,0.009550005197525024
2810.0,112877.46560491827,471236.2547558622,-1.1260000467300415,-1.2231999635696411,-1.2410000562667847,0.01943998336791992,0.005933364232381185,0.014375001192092896
2815.0,112875.27584521241,471231.7581828025,-1.1890000104904175,-1.2537000179290771,-1.2699999809265137,0.012940001487731934,0.005433320999145508,0.010124996304512024
2820.0,112873.08608550654,471227.2616097429,-1.2430000305175781,-1.3639999628067017,-1.409000039100647,0.02419998645782471,0.015000025431315104,0.020750001072883606
2825.0,112870.84027759405,471222.7957019538,-1.2740000486373901,-1.3701000213623047,-1.3910000324249268,0.01921999454498291,0.0069666703542073565,0.014624997973442078
2830.0,112868.47610179537,471218.3945559738,-1.2170000076293945,-1.315600037574768,-1.3167500495910645,0.019720005989074706,0.0003833373387654622,0.01246875524520874
2835.0,112866.1466226101,471213.9749388076,-1.253000020980835,-1.3207000494003296,-1.3294999599456787,0.013540005683898926,0.0029333035151163736,0.009562492370605469
2840.0,112864.01153044486,471209.4518372234,-1.2730000019073486,-1.3359999656677246,-1.357200026512146,0.012599992752075195,0.007066686948140462,0.01052500307559967
2845.0,112861.87643827962,471204.9287356392,-1.159000039100647,-1.2668999433517456,-1.27839994430542,0.021579980850219727,0.003833333651224772,0.014924988150596619
2850.0,112859.74134611437,471200.405634055,-1.2690000534057617,-1.3897000551223755,-1.3732500076293945,0.024140000343322754,-0.005483349164326985,0.013031244277954102
2855.0,112857.32883808245,471196.0294019288,-1.1269999742507935,-1.2937999963760376,-1.319000005722046,0.03336000442504883,0.0084000031153361,0.024000003933906555
2860.0,112854.82441784117,471191.701829948,-1.1100000143051147,-1.2670999765396118,-1.3221428394317627,0.031419992446899414,0.018347620964050293,0.026517853140830994
2865.0,112852.31999759987,471187.3742579672,-1.0160000324249268,-1.2343000173568726,-1.3029999732971191,0.04365999698638916,0.022899985313415527,0.03587499260902405
2870.0,112849.88059704,471183.01389667316,-1.0190000534057617,-1.1815999746322632,-1.2177499532699585,0.032519984245300296,0.012049992879231771,0.024843737483024597
2875.0,112847.89406763972,471178.425153234,-0.9800000190734863,-1.1360000371932983,-1.2137142419815063,0.031200003623962403,0.025904734929402668,0.029214277863502502
2880.0,112845.90753823942,471173.8364097948,-0.9459999799728394,-1.129699945449829,-1.2109999656677246,0.03673999309539795,0.027100006739298504,0.03312499821186066
2885.0,112843.92100883914,471169.24766635563,-1.00600004196167,-1.1212999820709229,-1.2111666202545166,0.023059988021850587,0.029955546061197918,0.025645822286605835
2890.0,112841.93447943886,471164.65892291645,-0.9580000042915344,-1.121399998664856,-1.1743333339691162,0.03267999887466431,0.017644445101420086,0.027041666209697723
2895.0,112839.94960680944,471160.0695764361,-0.9800000190734863,-1.1007000207901,-1.1362500190734863,0.024140000343322754,0.01184999942779541,0.01953125
2900.0,112837.97859839309,471155.47518357827,-0.9710000157356262,-1.0582000017166138,-1.0922000408172607,0.01743999719619751,0.011333346366882324,0.015150003135204315
2905.0,112836.00758997674,471150.88079072046,-0.9639999866485596,-1.0645999908447266,-1.068600058555603,0.020120000839233397,0.0013333559036254883,0.013075008988380432
2910.0,112833.72702434365,471146.4319819771,-0.9829999804496765,-1.017199993133545,-1.0543999671936035,0.0068400025367736815,0.012399991353352865,0.008924998342990875
2915.0,112831.4285855088,471141.9915789633,-0.8960000276565552,-0.9496999979019165,-1.0157999992370605,0.010739994049072266,0.022033333778381348,0.014974996447563171
2920.0,112829.1187834588,471137.5573281049,-0.8690000176429749,-0.9937000274658203,-1.041200041770935,0.02494000196456909,0.015833338101704914,0.021525003015995026
2925.0,112826.65695950337,471133.20538338745,-0.9679999947547913,-1.0037000179290771,-1.0551999807357788,0.007140004634857177,0.017166654268900555,0.010899998247623444
2930.0,112824.19513554791,471128.85343867,-0.953000009059906,-0.9772999882698059,-1.0326000452041626,0.00485999584197998,0.01843335231145223,0.009950004518032074
2935.0,112821.8956606231,471124.41751246236,-0.9279999732971191,-0.9914000034332275,-1.0499999523162842,0.01268000602722168,0.019533316294352215,0.01524999737739563
2940.0,112819.75965268606,471119.8970264568,-0.9210000038146973,-0.9932000041007996,-1.0499999523162842,0.014440000057220459,0.018933316071828205,0.016124993562698364
2945.0,112817.62364474901,471115.37654045125,-0.9300000071525574,-1.026900053024292,-1.054714322090149,0.019380009174346922,0.00927142302195231,0.015589289367198944
2950.0,112815.48763681197,471110.85605444567,-0.9309999942779541,-1.0185999870300293,-1.0709999799728394,0.01751999855041504,0.01746666431427002,0.017499998211860657
2955.0,112813.35162887492,471106.33556844015,-0.9670000076293945,-1.0463999509811401,-1.0997999906539917,0.01587998867034912,0.017800013224283855,0.016599997878074646
2960.0,112811.16910575065,471101.83749414707,-0.9800000190734863,-1.0844999551773071,-1.1368333101272583,0.02089998722076416,0.017444451649983723,0.019604161381721497
2965.0,112808.96748887091,471097.34861951077,-0.984000027179718,-1.0973999500274658,-1.160333275794983,0.02267998456954956,0.02097777525583903,0.02204165607690811
2970.0,112806.76587199116,471092.85974487447,-1.0379999876022339,-1.1191999912261963,-1.1733332872390747,0.01624000072479248,0.018044432004292805,0.016916662454605103
2975.0,112804.56425511141,471088.37087023817,-0.9860000014305115,-1.098099946975708,-1.1486666202545166,0.022419989109039307,0.016855557759602863,0.02033332735300064
2980.0,112802.36263823166,471083.8819956019,-0.9810000061988831,-1.0670000314712524,-1.1338332891464233,0.017200005054473878,0.0222777525583903,0.019104160368442535
2985.0,112800.16102135192,471079.39312096563,-0.9909999966621399,-1.0944000482559204,-1.1356666088104248,0.020680010318756104,0.013755520184834799,0.018083326518535614
2990.0,112797.95940447217,471074.90424632933,-0.9440000057220459,-1.0500999689102173,-1.1019999980926514,0.02121999263763428,0.017300009727478027,0.019749999046325684
2995.0,112795.75778759242,471070.41537169303,-0.9480000138282776,-1.0781999826431274,-1.124750018119812,0.02603999376296997,0.01551667849222819,0.022093750536441803
3000.0,112793.55617071268,471065.9264970568,-0.9559999704360962,-1.1032999753952026,-1.1366000175476074,0.02946000099182129,0.011100014050801596,0.022575005888938904
3005.0,112791.35455383293,471061.4376224205,-0.9509999752044678,-1.0902999639511108,-1.1175999641418457,0.027859997749328614,0.009100000063578287,0.02082499861717224
3010.0,112789.15293695318,471056.9487477842,-1.0240000486373901,-1.1035000085830688,-1.1151666641235352,0.01589999198913574,0.003888885180155436,0.011395826935768127
3015.0,112786.95132007344,471052.45987314795,-0.9750000238418579,-1.0821000337600708,-1.1063333749771118,0.021420001983642578,0.008077780405680338,0.01641666889190674
3020.0,112784.73421788572,471047.97833890474,-1.031000018119812,-1.1038999557495117,-1.1347500085830688,0.014579987525939942,0.010283350944519043,0.012968748807907104
3025.0,112782.48591763682,471043.51159326214,-0.9150000214576721,-1.0500999689102173,-1.087666630744934,0.027019989490509034,0.012522220611572266,0.021583326160907745
3030.0,112780.23761738792,471039.04484761955,-0.9350000023841858,-1.079699993133545,-1.1200000047683716,0.028939998149871825,0.013433337211608887,0.023125000298023224
3035.0,112777.989317139,471034.5781019769,-0.9160000085830688,-1.076200008392334,-1.1033333539962769,0.03203999996185303,0.009044448534647623,0.023416668176651
3040.0,112775.7410168901,471030.1113563343,-0.9440000057220459,-1.111799955368042,-1.1368000507354736,0.033559989929199216,0.008333365122477213,0.024100005626678467
3045.0,112773.4927166412,471025.64461069164,-0.9089999794960022,-1.0468000173568726,-1.0852500200271606,0.027560007572174073,0.012816667556762695,0.022031255066394806
3050.0,112771.24441639228,471021.17786504905,-0.9259999990463257,-1.0501999855041504,-1.0774999856948853,0.02483999729156494,0.009100000063578287,0.018937498331069946
3055.0,112768.99611614337,471016.7111194064,-0.9010000228881836,-1.0128999948501587,-1.0637999773025513,0.02237999439239502,0.01696666081746419,0.02034999430179596
3060.0,112766.74781589447,471012.2443737638,-0.8999999761581421,-1.023800015449524,-1.0572500228881836,0.024760007858276367,0.011150002479553223,0.019656255841255188
3065.0,112764.58258339964,471007.73810967547,-0.8989999890327454,-1.0211000442504883,-1.0357999801635742,0.024420011043548583,0.0048999786376953125,0.017099998891353607
3070.0,112762.46763790872,471003.20792217366,-0.8830000162124634,-0.9789000153541565,-0.996749997138977,0.019179999828338623,0.005949993928273519,0.014218747615814209
3075.0,112760.16886227114,470998.78016065975,-0.925000011920929,-1.0329999923706055,-1.0037143230438232,0.021599996089935302,-0.009761889775594076,0.009839288890361786
3080.0,112757.04630559325,470994.921205163,-0.9359999895095825,-1.0371999740600586,-1.024399995803833,0.020239996910095214,-0.004266659418741862,0.011050000786781311
3085.0,112753.03460363856,470991.9496587678,-0.902999997138977,-1.016700029373169,-1.035599946975708,0.02274000644683838,0.0062999725341796875,0.01657499372959137
3090.0,112748.92183604688,470989.10377047886,-0.9020000100135803,-1.0317000150680542,-1.087249994277954,0.025940001010894775,0.0185166597366333,0.023156248033046722
3095.0,112744.731087356,470986.3795928277,-0.9490000009536743,-1.094099998474121,-1.1311428546905518,0.029019999504089355,0.01234761873881022,0.02276785671710968
3100.0,112740.48638756812,470983.73962048383,-0.878000020980835,-1.0532000064849854,-1.1171666383743286,0.03503999710083008,0.021322210629781086,0.029895827174186707
3105.0,112736.24168778023,470981.09964813996,-0.8550000190734863,-0.9840999841690063,-1.0517499446868896,0.025819993019104003,0.022549986839294434,0.024593740701675415
3110.0,112731.99698799234,470978.4596757961,-0.8510000109672546,-0.9979000091552734,-1.0293333530426025,0.02937999963760376,0.010477781295776367,0.022291667759418488
3115.0,112727.75228820446,470975.8197034522,-0.843999981880188,-1.057800054550171,-1.0817999839782715,0.04276001453399658,0.00799997647603353,0.029725000262260437
3120.0,112723.48915883491,470973.20790387143,-0.8859999775886536,-1.0029000043869019,-1.031999945640564,0.02338000535964966,0.00969998041788737,0.0182499960064888
3125.0,112719.2061572464,470970.62648237136,-0.9210000038146973,-1.0699000358581543,-1.0779999494552612,0.029780006408691405,0.0026999711990356445,0.019624993205070496
3130.0,112714.9321361929,470968.031009329,-0.9810000061988831,-1.0120999813079834,-1.0264999866485596,0.006219995021820068,0.004800001780192058,0.005687497556209564
3135.0,112710.7744869101,470965.25345327565,-0.9760000109672546,-1.0217000246047974,-1.0555000305175781,0.009140002727508544,0.011266668637593588,0.009937502443790436
3140.0,112706.61683762728,470962.47589722235,-1.0360000133514404,-1.0776000022888184,-1.1216000318527222,0.008319997787475586,0.01466667652130127,0.010700002312660217
3145.0,112702.45918834448,470959.698341169,-1.1920000314712524,-1.069599986076355,-1.1094000339508057,-0.024480009078979494,0.013266682624816895,-0.010324999690055847
3150.0,112698.30153906168,470956.9207851156,-1.2519999742507935,-1.127500057220459,-1.1371428966522217,-0.024899983406066896,0.003214279810587565,-0.014357134699821472
3155.0,112694.14388977888,470954.1432290623,-1.1990000009536743,-1.076300024986267,-1.1074999570846558,-0.024539995193481445,0.010399977366129557,-0.01143750548362732
3160.0,112689.98624049607,470951.36567300896,-1.2120000123977661,-1.0778000354766846,-1.1200000047683716,-0.02683999538421631,0.014066656430562338,-0.011500000953674316
3165.0,112685.72135578128,470948.75747127575,-1.2120000123977661,-1.1017999649047852,-1.1412500143051147,-0.02204000949859619,0.01315001646677653,-0.008843749761581421
3170.0,112681.41854597187,470946.2091637258,-1.1670000553131104,-1.1109000444412231,-1.159999966621399,-0.011220002174377441,0.01636664072672526,-0.0008750110864639282
3175.0,112677.11573616248,470943.66085617576,-1.2079999446868896,-1.0887000560760498,-1.1304285526275635,-0.02385997772216797,0.013909498850504557,-0.009696424007415771
3180.0,112672.81292635307,470941.1125486258,-1.1990000009536743,-1.1023000478744507,-1.1365000009536743,-0.019339990615844727,0.011399984359741211,-0.0078125
3185.0,112668.51305183103,470938.5591622406,-1.1679999828338623,-1.0967999696731567,-1.1266249418258667,-0.014240002632141114,0.009941657384236654,-0.005171880125999451
3190.0,112664.25536788737,470935.93277482706,-1.1950000524520874,-1.104200005531311,-1.1344000101089478,-0.018160009384155275,0.010066668192545572,-0.007575005292892456
3195.0,112659.99768394369,470933.3063874135,-1.2079999446868896,-1.045699954032898,-1.0880000591278076,-0.03245999813079834,0.014100035031636557,-0.014999985694885254
3200.0,112655.74,470930.68,-1.1649999618530273,-1.1047999858856201,-1.1339999437332153,-0.012039995193481446,0.009733319282531738,-0.0038750022649765015
3205.0,112651.4884611645,470928.0584441046,-1.1710000038146973,-1.0339000225067139,-1.0858333110809326,-0.02741999626159668,0.01731109619140625,-0.010645836591720581
3210.0,112647.24754745571,470925.41002997203,-1.1369999647140503,-1.0925999879837036,-1.1194000244140625,-0.008879995346069336,0.008933345476786295,-0.002199992537498474
3215.0,112643.01961618838,470922.7397575927,-1.2120000123977661,-1.0889999866485596,-1.125749945640564,-0.024600005149841307,0.012249986330668131,-0.010781258344650269
3220.0,112638.79168492103,470920.0694852133,-1.159999966621399,-1.0678000450134277,-1.1030000448226929,-0.018439984321594237,0.011733333269755045,-0.007124990224838257
3225.0,112634.5637536537,470917.3992128339,-1.0829999446868896,-1.062000036239624,-1.097749948501587,-0.004199981689453125,0.011916637420654297,0.0018437504768371582
3230.0,112630.33582238636,470914.72894045454,-0.9869999885559082,-0.9496999979019165,-1.006250023841858,-0.00745999813079834,0.018850008646647137,0.0024062544107437134
3235.0,112626.10789111903,470912.0586680752,-0.9330000281333923,-0.9894999861717224,-1.0496666431427002,0.011299991607666015,0.02005555232365926,0.014583326876163483
3240.0,112621.87995985169,470909.3883956958,-1.003999948501587,-1.0160000324249268,-1.0645999908447266,0.0024000167846679687,0.01619998613993327,0.007575005292892456
3245.0,112617.65202858436,470906.7181233164,-0.9700000286102295,-0.9646000266075134,-1.003166675567627,-0.001080000400543213,0.012855549653371176,0.004145830869674683
3250.0,112613.44433156609,470904.0181152807,-0.9890000224113464,-1.0121999979019165,-1.0264999866485596,0.0046399950981140135,0.0047666629155476885,0.004687495529651642
3255.0,112609.24174137707,470901.31060239923,-1.0049999952316284,-1.0162999629974365,-1.0607999563217163,0.002259993553161621,0.014833331108093262,0.006974995136260986
3260.0,112605.03915118806,470898.60308951774,-0.9769999980926514,-1.0546000003814697,-1.0845999717712402,0.015520000457763672,0.009999990463256836,0.013449996709823608
3265.0,112600.83656099906,470895.8955766362,-1.0360000133514404,-1.0716999769210815,-1.118499994277954,0.0071399927139282225,0.015600005785624186,0.010312497615814209
3270.0,112596.63397081004,470893.1880637547,-1.0110000371932983,-1.0812000036239624,-1.1078333854675293,0.014039993286132812,0.008877793947855631,0.01210416853427887
3275.0,112592.42787283979,470890.483907537,-1.0529999732971191,-1.087399959564209,-1.1428333520889282,0.006879997253417969,0.018477797508239746,0.011229172348976135
3280.0,112588.2200338915,470887.781417295,-1.031999945640564,-1.0327999591827393,-1.1052000522613525,0.0001600027084350586,0.02413336435953776,0.009150013327598572
3285.0,112584.01219494319,470885.07892705296,-1.1039999723434448,-1.1282000541687012,-1.138200044631958,0.0048400163650512695,0.0033333301544189453,0.004275009036064148
3290.0,112579.76441885985,470882.4437380964,-1.2059999704360962,-1.2106000185012817,-1.225600004196167,0.0009200096130371094,0.004999995231628418,0.00245000422000885
3295.0,112575.48842366842,470879.8561034336,-1.1200000047683716,-1.1223000288009644,-1.193600058555603,0.0004600048065185547,0.02376667658487956,0.00920000672340393
3300.0,112571.21242847697,470877.2684687708,-1.1670000553131104,-1.1128000020980835,-1.1781666278839111,-0.010840010643005372,0.021788875261942547,0.0013958215713500977
3305.0,112566.89363106684,470874.7506496945,-1.0950000286102295,-1.0533000230789185,-1.1024999618530273,-0.008340001106262207,0.01639997959136963,0.0009374916553497314
3310.0,112562.56223451768,470872.2533813353,-1.1699999570846558,-1.0462000370025635,-1.1119999885559082,-0.024759984016418456,0.021933317184448242,-0.007249996066093445
3315.0,112558.25374140487,470869.7174887962,-1.0509999990463257,-1.0039000511169434,-1.059999942779541,-0.009419989585876466,0.01869996388753255,0.0011249929666519165
3320.0,112553.98107448811,470867.1211792344,-1.065999984741211,-1.055999994277954,-1.0937999486923218,-0.0019999980926513673,0.012599984804789225,0.003474995493888855
3325.0,112549.70840757135,470864.52486967255,-1.0870000123977661,-1.0465999841690063,-1.1003999710083008,-0.008080005645751953,0.017933328946431477,0.0016749948263168335
3330.0,112545.38931647054,470862.00204772747,-1.0989999771118164,-1.037600040435791,-1.090000033378601,-0.012279987335205078,0.01746666431427002,-0.0011249929666519165
3335.0,112541.06748189786,470859.483568588,-1.1619999408721924,-1.0923000574111938,-1.1488571166992188,-0.013939976692199707,0.0188523530960083,-0.001642853021621704
3340.0,112536.77081394661,470856.9263769363,-1.1759999990463257,-1.1015000343322754,-1.1396666765213013,-0.014899992942810058,0.012722214063008627,-0.004541665315628052
3345.0,112532.51677367893,470854.3036133236,-1.2549999952316284,-1.1109000444412231,-1.155500054359436,-0.028819990158081055,0.01486666997273763,-0.012437492609024048
3350.0,112528.26273341125,470851.6808497109,-1.1829999685287476,-1.0640000104904175,-1.1022499799728394,-0.023799991607666014,0.012749989827473959,-0.010093748569488525
3355.0,112524.04305894618,470848.9982129196,-1.11899995803833,-1.1572999954223633,-1.187399983406067,0.007660007476806641,0.010033329327901205,0.008550003170967102
3360.0,112519.83822043221,470846.2897284692,-1.1959999799728394,-1.0777000188827515,-1.1273332834243774,-0.023659992218017577,0.016544421513875324,-0.00858333706855774
3365.0,112515.62566948486,470843.59492615535,-1.4320000410079956,-1.097000002861023,-1.1763333082199097,-0.06700000762939454,0.026444435119628906,-0.03195834159851074
3370.0,112511.39562571583,470840.9311567415,-1.2619999647140503,-1.1202000379562378,-1.1723999977111816,-0.0283599853515625,0.01739998658498128,-0.011199995875358582
3375.0,112507.16558194679,470838.2673873276,-1.2400000095367432,-1.1232999563217163,-1.17739999294281,-0.023340010643005372,0.018033345540364582,-0.007825002074241638
3380.0,112502.93553817776,470835.6036179138,-1.2380000352859497,-1.0681999921798706,-1.099666714668274,-0.03396000862121582,0.01048890749613444,-0.017291665077209473
3385.0,112498.65421880977,470833.02002899285,-1.3320000171661377,-1.1309000253677368,-1.152500033378601,-0.040219998359680174,0.007200002670288086,-0.022437497973442078
3390.0,112494.34871927241,470830.47425099835,-1.309999942779541,-1.1410000324249268,-1.1957999467849731,-0.03379998207092285,0.01826663812001546,-0.014274999499320984
3395.0,112490.04321973507,470827.9284730039,-1.2960000038146973,-1.128499984741211,-1.1785000562667847,-0.03350000381469727,0.016666690508524578,-0.014687493443489075
3400.0,112485.73772019772,470825.3826950094,-1.25,-1.0992000102996826,-1.1263333559036255,-0.030159997940063476,0.009044448534647623,-0.015458330512046814
3405.0,112481.41966388695,470822.8603709665,-1.281000018119812,-1.0987999439239502,-1.135200023651123,-0.03644001483917236,0.012133359909057617,-0.01822499930858612
3410.0,112477.08737094306,470820.364638572,-1.2480000257492065,-1.11899995803833,-1.1505999565124512,-0.025800013542175294,0.010533332824707031,-0.012175008654594421
3415.0,112472.75507799916,470817.8689061775,-1.2109999656677246,-1.0880000591278076,-1.1208000183105469,-0.0245999813079834,0.010933319727579752,-0.011274993419647217
3420.0,112468.42278505526,470815.373173783,-1.2109999656677246,-1.0700000524520874,-1.1118333339691162,-0.028199982643127442,0.013944427172342936,-0.01239582896232605
3425.0,112464.09049211135,470812.87744138855,-1.2690000534057617,-1.0994999408721924,-1.1239999532699585,-0.03390002250671387,0.008166670799255371,-0.018125012516975403
3430.0,112459.8358552675,470810.2536705143,-1.190000057220459,-1.0786000490188599,-1.1299999952316284,-0.022280001640319826,0.017133315404256184,-0.007500007748603821
3435.0,112455.62406840356,470807.55924908875,-1.2660000324249268,-1.0936000347137451,-1.1211999654769897,-0.03447999954223633,0.009199976921081543,-0.018100008368492126
3440.0,112451.4122815396,470804.8648276632,-1.187000036239624,-1.0606000423431396,-1.0878000259399414,-0.025279998779296875,0.00906666119893392,-0.012400001287460327
3445.0,112447.20049467565,470802.1704062376,-1.1260000467300415,-1.0884000062942505,-1.0953999757766724,-0.007520008087158203,0.0023333231608072915,-0.0038250088691711426
3450.0,112442.98870781169,470799.4759848121,-1.1080000400543213,-0.9876999855041504,-1.0443999767303467,-0.02406001091003418,0.018899997075398762,-0.007950007915496826
3455.0,112438.77692094773,470796.7815633865,-1.2350000143051147,-1.0586999654769897,-1.0859999656677246,-0.035260009765625,0.009100000063578287,-0.018625006079673767
3460.0,112434.56513408378,470794.0871419609,-1.2269999980926514,-1.0586999654769897,-1.091599941253662,-0.03366000652313232,0.010966658592224121,-0.016925007104873657
3465.0,112430.35334721982,470791.3927205354,-1.1829999685287476,-1.069599986076355,-1.090833306312561,-0.022679996490478516,0.007077773412068685,-0.011520832777023315
3470.0,112426.13045624104,470788.7159044633,-1.2020000219345093,-1.1081000566482544,-1.1225999593734741,-0.018779993057250977,0.004833300908406575,-0.009925007820129395
3475.0,112421.89377202936,470786.0609572879,-1.1710000038146973,-1.0742000341415405,-1.0989999771118164,-0.019359993934631347,0.008266647656758627,-0.009000003337860107
3480.0,112417.65708781769,470783.40601011255,-1.1169999837875366,-1.044600009918213,-1.0817999839782715,-0.014479994773864746,0.012399991353352865,-0.004399999976158142
3485.0,112413.42040360601,470780.7510629372,-1.2549999952316284,-1.0855000019073486,-1.1208332777023315,-0.033899998664855956,0.011777758598327637,-0.01677083969116211
3490.0,112409.18371939434,470778.09611576184,-1.246999979019165,-1.1160999536514282,-1.1426666975021362,-0.026180005073547362,0.008855581283569336,-0.013041660189628601
3495.0,112404.94703518266,470775.4411685865,-1.3140000104904175,-1.1413999795913696,-1.1944999694824219,-0.03452000617980957,0.01769999663035075,-0.01493750512599945
3500.0,112400.71035097099,470772.78622141114,-1.2970000505447388,-1.1735999584197998,-1.2122000455856323,-0.024680018424987793,0.012866695721944174,-0.010600000619888306
3505.0,112396.47366675931,470770.1312742358,-1.2699999809265137,-1.1181000471115112,-1.156999945640564,-0.030379986763000487,0.012966632843017578,-0.014125004410743713
3510.0,112392.23698254763,470767.47632706043,-1.246999979019165,-1.1190999746322632,-1.1517499685287476,-0.025580000877380372,0.010883331298828125,-0.011906251311302185
3515.0,112388.00029833596,470764.8213798851,-1.25600004196167,-1.1571999788284302,-1.181249976158142,-0.01976001262664795,0.008016665776570639,-0.009343758225440979
3520.0,112383.70766598388,470762.2603111138,-1.2369999885559082,-1.073699951171875,-1.1169999837875366,-0.03266000747680664,0.014433344205220541,-0.015000000596046448
3525.0,112379.40357318523,470759.7184724442,-1.2259999513626099,-1.1291999816894531,-1.1405999660491943,-0.019359993934631347,0.003799994786580404,-0.010674998164176941
3530.0,112375.09948038659,470757.1766337747,-1.2619999647140503,-1.1207000017166138,-1.1460000276565552,-0.028259992599487305,0.008433341979980469,-0.01449999213218689
3535.0,112370.79538758796,470754.6347951052,-1.1979999542236328,-1.1087000370025635,-1.1269999742507935,-0.017859983444213866,0.006099979082743327,-0.00887499749660492
3540.0,112366.58988542555,470751.94848476426,-1.2359999418258667,-1.1432000398635864,-1.1511666774749756,-0.018559980392456054,0.0026555458704630532,-0.01060415804386139
3545.0,112362.67917465865,470748.8301962229,-1.1950000524520874,-1.118499994277954,-1.1230000257492065,-0.01530001163482666,0.0015000104904174805,-0.009000003337860107
3550.0,112358.76846389176,470745.7119076815,-1.184000015258789,-1.0979000329971313,-1.1203999519348145,-0.01721999645233154,0.007499972979227702,-0.007950007915496826
3555.0,112354.50447795415,470743.100734289,-1.1299999952316284,-1.1611000299453735,-1.1634000539779663,0.006220006942749023,0.0007666746775309244,0.004175007343292236
3560.0,112350.2012563606,470740.5528979166,-0.9860000014305115,-1.0256999731063843,-1.0772500038146973,0.00793999433517456,0.017183343569437664,0.011406250298023224
3565.0,112345.89237710675,470738.01898312813,-0.9819999933242798,-0.8960000276565552,-1.027250051498413,-0.017199993133544922,0.04375000794728597,0.005656257271766663
